Fold,Accuracy,Training Time (s)
1,0.715,2.122257947921753
2,0.76,2.094214916229248
3,0.74,2.0929348468780518
4,0.74,2.219207763671875
5,0.745,2.2066869735717773
-,0.74,2.147060489654541
-,0.014491376746189452,0.05495080098686018
