Fold,Accuracy,Training Time (s)
1,0.8709876543209877,20.91469097137451
2,0.8790123456790123,20.07744002342224
3,0.8617283950617284,19.540228128433228
4,0.8691358024691358,20.990466117858887
5,0.8641975308641975,21.54139518737793
-,0.8690123456790124,20.61284408569336
-,0.0060025905092065315,0.7117695682841949
