Fold,Accuracy,Training Time (s)
1,0.77,2.0566771030426025
2,0.73,2.080345869064331
3,0.745,2.0767359733581543
4,0.77,2.0815467834472656
5,0.78,2.052717924118042
-,0.759,2.069604730606079
-,0.018547236990991426,0.012337966545702956
