Model,Average Accuracy,Accuracy Std,Average Training Time (s)
svm,0.9032098765432099,0.005081263117841143,72.04721603393554
logistic,0.8982716049382716,0.00360781214721047,1.8495689868927
adaboost,0.8690123456790124,0.0060025905092065315,20.61284408569336
