Model,Average Accuracy,Accuracy Std,Average Training Time (s)
logistic,0.8240000000000001,0.01067707825203128,0.09308662414550781
svm,0.8230000000000001,0.025019992006393585,0.46002950668334963
adaboost,0.759,0.018547236990991426,2.069604730606079
