Fold,Accuracy,Training Time (s)
1,0.9006172839506172,1.8132078647613525
2,0.9,1.6831438541412354
3,0.8981481481481481,1.960921049118042
4,0.9012345679012346,2.1158981323242188
5,0.891358024691358,1.6746740341186523
-,0.8982716049382716,1.8495689868927
-,0.00360781214721047,0.16907879582487526
