Fold,Accuracy,Training Time (s)
1,0.795,0.0969991683959961
2,0.805,0.08588910102844238
3,0.83,0.08354806900024414
4,0.825,0.08322906494140625
5,0.825,0.08666110038757324
-,0.8160000000000001,0.08726530075073242
-,0.013564659966250496,0.005042145862334982
