Fold,Accuracy,Training Time (s)
1,0.82,0.12146210670471191
2,0.805,0.09503579139709473
3,0.835,0.0857231616973877
4,0.83,0.08384203910827637
5,0.83,0.07937002182006836
-,0.8240000000000001,0.09308662414550781
-,0.01067707825203128,0.015078430783951522
