Fold,Accuracy,Training Time (s)
1,0.6676646706586826,58.781193017959595
2,0.7147147147147147,58.506065130233765
3,0.7027027027027027,60.47656726837158
-,0.6950273626920334,59.254608472188316
-,0.019960123490402503,0.8713251644586598
