Fold,Accuracy,Training Time (s)
1,0.86,0.644320011138916
2,0.785,0.5246341228485107
3,0.81,0.37456512451171875
4,0.835,0.3805520534515381
5,0.825,0.37607622146606445
-,0.8230000000000001,0.46002950668334963
-,0.025019992006393585,0.10844881442717863
