Fold,Accuracy,Training Time (s)
1,0.9092592592592592,68.71168112754822
2,0.9067901234567901,73.08952903747559
3,0.9,71.92619800567627
4,0.9049382716049382,72.35610103607178
5,0.8950617283950617,74.15257096290588
-,0.9032098765432099,72.04721603393554
-,0.005081263117841143,1.8305618915363195
