Fold,Accuracy,Training Time (s)
1,0.815,0.42606687545776367
2,0.83,0.4442329406738281
3,0.85,0.45728492736816406
4,0.82,0.4411740303039551
5,0.82,0.43769335746765137
-,0.827,0.44129042625427245
-,0.012489995996796807,0.010091495505804777
