Model,Average Accuracy,Accuracy Std,Average Training Time (s)
svm,0.827,0.012489995996796807,0.44129042625427245
logistic,0.8160000000000001,0.013564659966250496,0.08726530075073242
adaboost,0.74,0.014491376746189452,2.147060489654541
